Configuración,TE,VAMM,PEX
rand/1/bin,100.00%,2.731299e-04,15540.00
best/1/bin,100.00%,1.296702e-04,7926.00
